City_ID,City,Country,Date,Lat,Lng,Max Temp,Humidity,Cloudiness,Wind Speed
0,Kapaa,US,2021=01-27 18:28:12,22.0752,-159.319,73.99,88,90,13.8
1,Busselton,AU,2021=01-27 18:27:30,-33.65,115.3333,51.01,84,0,11.16
2,Castro,BR,2021=01-27 18:28:13,-24.7911,-50.0119,74.32,87,100,9.35
3,Kodiak,US,2021=01-27 18:27:30,57.79,-152.4072,28.4,86,90,1.16
4,Borogontsy,RU,2021=01-27 18:28:13,62.6683,131.1683,-48.05,76,100,2.71
5,Vanavara,RU,2021=01-27 18:28:13,60.34,102.2797,-21.8,84,99,10.67
6,Port Blair,IN,2021=01-27 18:27:31,11.6667,92.75,79.39,80,97,11.59
7,Estelle,US,2021=01-27 18:28:14,29.8458,-90.1067,64.99,94,90,14.97
8,Airai,TL,2021=01-27 18:28:14,-8.9266,125.4092,61.65,100,100,3.53
9,Avarua,CK,2021=01-27 18:27:31,-21.2078,-159.775,84.2,70,20,17.27
10,San Andres,CO,2021=01-27 18:27:31,12.5847,-81.7006,82.4,78,40,9.22
11,Mataura,NZ,2021=01-27 18:28:14,-46.1927,168.8643,48.99,88,62,13.0
12,Ushuaia,AR,2021=01-27 18:28:14,-54.8,-68.3,44.6,70,40,19.57
13,Pevek,RU,2021=01-27 18:28:15,69.7008,170.3133,-25.19,86,100,2.8
14,Cape Town,ZA,2021=01-27 18:27:01,-33.9258,18.4232,68.0,68,20,23.02
15,Torbay,CA,2021=01-27 18:28:15,47.6666,-52.7314,30.99,80,75,13.8
16,Bluff,NZ,2021=01-27 18:27:33,-46.6,168.3333,48.99,88,65,13.0
17,Lebu,CL,2021=01-27 18:28:15,-37.6167,-73.65,61.38,65,88,8.93
18,Ormond Beach,US,2021=01-27 18:27:30,29.2858,-81.0559,77.0,64,75,11.5
19,Carballo,ES,2021=01-27 18:28:16,43.213,-8.691,59.0,86,100,1.99
20,Tasiilaq,GL,2021=01-27 18:28:16,65.6145,-37.6368,21.2,45,90,24.16
21,Cherdyn,RU,2021=01-27 18:28:16,60.403,56.4787,24.96,97,100,10.67
22,Krasnyy Yar,RU,2021=01-27 18:28:16,46.5331,48.3456,32.0,69,0,15.66
23,Beruwala,LK,2021=01-27 18:28:16,6.4788,79.9828,73.81,82,56,6.67
24,Tiksi,RU,2021=01-27 18:28:17,71.6872,128.8694,-38.04,83,96,2.44
25,Kailua,US,2021=01-27 18:28:17,21.4022,-157.7394,75.2,69,90,11.5
26,Isangel,VU,2021=01-27 18:28:17,-19.55,169.2667,79.74,83,100,15.68
27,Amapa,BR,2021=01-27 18:28:17,1.0,-52.0,79.79,92,68,4.59
28,Saskylakh,RU,2021=01-27 18:28:17,71.9167,114.0833,-42.74,80,79,2.01
29,Upernavik,GL,2021=01-27 18:28:18,72.7868,-56.1549,-0.87,91,100,3.09
30,Comlosu Mare,RO,2021=01-27 18:28:18,45.8906,20.6272,32.0,100,40,3.44
31,Vestmannaeyjar,IS,2021=01-27 18:28:18,63.4427,-20.2734,35.6,69,75,35.68
32,Tuktoyaktuk,CA,2021=01-27 18:28:18,69.4541,-133.0374,-18.4,76,40,5.75
33,Gornopravdinsk,RU,2021=01-27 18:28:18,60.05,69.9,-2.92,92,100,7.18
34,Arraial Do Cabo,BR,2021=01-27 18:27:10,-22.9661,-42.0278,89.6,51,0,27.63
35,Puerto Ayora,EC,2021=01-27 18:28:18,-0.7393,-90.3518,84.2,70,75,13.8
36,Ribeira Grande,PT,2021=01-27 18:28:19,38.5167,-28.7,59.0,82,75,25.32
37,Saldanha,ZA,2021=01-27 18:28:19,-33.0117,17.9442,66.2,59,0,20.71
38,Bethel,US,2021=01-27 18:28:19,41.3712,-73.414,34.0,69,90,12.66
39,Bontang,ID,2021=01-27 18:28:19,0.1333,117.5,78.66,83,88,2.64
40,Lata,PT,2021=01-27 18:28:19,40.1629,-8.3327,59.0,93,99,0.27
41,Akureyri,IS,2021=01-27 18:28:19,65.6835,-18.0878,17.6,86,75,3.49
42,Churapcha,RU,2021=01-27 18:28:20,62.0025,132.4325,-46.05,76,100,3.13
43,Calvinia,ZA,2021=01-27 18:28:20,-31.4707,19.776,75.07,26,0,12.26
44,Kyren,RU,2021=01-27 18:28:20,51.6828,102.1408,-6.84,78,97,2.48
45,Gazli,UZ,2021=01-27 18:28:20,40.1333,63.45,34.79,82,0,9.55
46,Qaanaaq,GL,2021=01-27 18:28:20,77.484,-69.3632,-14.96,63,0,5.46
47,Vaini,TO,2021=01-27 18:28:21,-21.2,-175.2,75.2,94,75,10.36
48,Makat,KZ,2021=01-27 18:28:21,47.6469,53.3463,21.07,96,1,19.24
49,Jamestown,US,2021=01-27 18:28:21,42.097,-79.2353,28.0,80,90,8.55
50,Huarmey,PE,2021=01-27 18:28:21,-10.0681,-78.1522,76.77,66,100,11.41
51,Prince George,CA,2021=01-27 18:23:34,53.9166,-122.753,14.0,73,90,19.57
52,Ekhabi,RU,2021=01-27 18:28:22,53.5102,142.9671,10.49,96,100,13.33
53,Cap Malheureux,MU,2021=01-27 18:28:22,-19.9842,57.6142,78.01,82,14,6.71
54,Yanam,IN,2021=01-27 18:28:23,16.7333,82.2167,70.12,87,11,2.3
55,Laiyang,CN,2021=01-27 18:28:23,36.9758,120.7136,41.0,73,84,14.83
56,Wairoa,NZ,2021=01-27 18:28:23,-39.0333,177.3667,64.94,79,11,4.74
57,Olinala,MX,2021=01-27 18:28:23,17.8333,-98.85,86.45,32,47,2.1
58,Iqaluit,CA,2021=01-27 18:28:23,63.7506,-68.5145,-11.2,77,1,2.3
59,Thunder Bay,CA,2021=01-27 18:25:18,48.4001,-89.3168,3.99,65,20,9.22
60,Fort Nelson,CA,2021=01-27 18:24:35,58.8053,-122.7002,-9.4,70,75,6.91
61,Pangnirtung,CA,2021=01-27 18:28:24,66.1451,-65.7125,-2.2,78,1,1.54
62,Esperance,AU,2021=01-27 18:28:24,-33.8667,121.9,62.6,88,90,5.75
63,Punta Arenas,CL,2021=01-27 18:24:10,-53.15,-70.9167,50.0,50,75,26.46
64,Yellowknife,CA,2021=01-27 18:24:31,62.456,-114.3525,-11.0,77,90,4.61
65,Bambous Virieux,MU,2021=01-27 18:28:24,-20.3428,57.7575,78.01,83,20,6.91
66,Natalio,PY,2021=01-27 18:28:24,-26.7167,-55.0833,73.27,94,100,4.32
67,Thompson,CA,2021=01-27 18:28:25,55.7435,-97.8558,-14.8,84,75,6.91
68,Fort Morgan,US,2021=01-27 18:28:25,40.2503,-103.8,19.4,79,1,3.83
69,Ichinoseki,JP,2021=01-27 18:28:25,38.9167,141.1333,27.9,94,68,3.67
70,Nemuro,JP,2021=01-27 18:28:25,43.3236,145.575,23.95,89,37,16.46
71,Asau,RO,2021=01-27 18:28:25,46.4333,26.4,32.0,48,100,7.02
72,Kamaishi,JP,2021=01-27 18:28:26,39.2667,141.8833,31.75,90,38,8.01
73,Ilulissat,GL,2021=01-27 18:28:26,69.2167,-51.1,8.6,61,40,2.3
74,Chuy,UY,2021=01-27 18:28:26,-33.6971,-53.4616,81.07,64,90,9.64
75,Horana,LK,2021=01-27 18:28:26,6.7166,80.0619,75.2,78,0,9.22
76,Bubaque,GW,2021=01-27 18:28:26,11.2833,-15.8333,78.62,66,0,13.67
77,Ponta Do Sol,PT,2021=01-27 18:28:27,32.6667,-17.1,64.4,88,20,9.22
78,Verkh-Usugli,RU,2021=01-27 18:28:27,52.7,115.1667,-19.21,84,85,3.18
79,Garissa,KE,2021=01-27 18:28:27,-0.4536,39.6401,87.39,35,27,8.14
80,Port Alfred,ZA,2021=01-27 18:28:27,-33.5906,26.891,66.0,94,84,4.0
81,Shangzhi,CN,2021=01-27 18:28:27,45.2167,127.9667,-4.59,90,79,2.35
82,Itarema,BR,2021=01-27 18:28:28,-2.9248,-39.9167,86.4,61,22,16.13
83,Carnarvon,AU,2021=01-27 18:28:28,-24.8667,113.6333,71.6,83,0,18.41
84,Corrientes,AR,2021=01-27 18:28:22,-27.4806,-58.8341,86.0,62,20,5.75
85,Rostock,DE,2021=01-27 18:27:10,54.0887,12.1405,37.0,93,75,3.44
86,Labuhan,ID,2021=01-27 18:28:28,-6.8844,112.2051,77.95,87,100,12.17
87,Butaritari,KI,2021=01-27 18:28:28,3.0707,172.7902,80.33,80,62,11.77
88,Arman,RU,2021=01-27 18:28:29,59.7,150.1667,-15.03,80,0,9.48
89,Rikitea,PF,2021=01-27 18:28:29,-23.1203,-134.9692,79.7,72,1,13.89
90,Kazerun,IR,2021=01-27 18:28:29,29.6195,51.6541,53.02,44,1,0.38
91,Bredasdorp,ZA,2021=01-27 18:28:29,-34.5322,20.0403,64.4,55,80,3.44
92,Saint Anthony,US,2021=01-27 18:28:30,45.0205,-93.218,14.0,56,90,5.75
93,Albany,US,2021=01-27 18:25:15,42.6001,-73.9662,30.99,63,93,14.0
94,Minas,UY,2021=01-27 18:28:30,-34.3759,-55.2377,77.0,65,20,20.71
95,Oranjemund,NA,2021=01-27 18:28:31,-28.55,16.4333,64.09,84,1,21.85
96,Victoria,HK,2021=01-27 18:26:21,22.2855,114.1577,64.0,85,29,9.6
97,Kargasok,RU,2021=01-27 18:28:31,59.0556,80.8572,-24.16,85,100,6.58
98,Ghugus,IN,2021=01-27 18:28:31,19.9333,79.1333,76.06,43,96,3.56
99,Bintulu,MY,2021=01-27 18:28:32,3.1667,113.0333,75.0,100,40,6.76
100,Fortuna,US,2021=01-27 18:28:32,40.5982,-124.1573,46.0,93,75,20.71
101,New Norfolk,AU,2021=01-27 18:28:33,-42.7826,147.0587,55.0,59,76,0.38
102,Hakodate,JP,2021=01-27 18:28:33,41.7758,140.7367,25.29,91,70,10.36
103,Provideniya,RU,2021=01-27 18:28:34,64.3833,-173.3,-0.83,88,97,25.9
104,Ratchaburi,TH,2021=01-27 18:28:34,13.5833,99.5333,82.99,56,3,2.71
105,Sasebo,JP,2021=01-27 18:28:34,33.1592,129.7228,48.0,66,2,18.99
106,Mahebourg,MU,2021=01-27 18:28:34,-20.4081,57.7,77.0,83,20,6.91
107,Sitka,US,2021=01-27 18:28:35,57.0531,-135.33,26.6,43,1,4.61
108,Campo Verde,BR,2021=01-27 18:28:35,-20.4167,-54.0667,69.8,94,75,8.05
109,Rio Gallegos,AR,2021=01-27 18:25:29,-51.6226,-69.2181,53.6,35,40,26.46
110,Yulara,AU,2021=01-27 18:28:35,-25.2406,130.9889,77.0,73,75,11.5
111,Rorvik,NO,2021=01-27 18:28:35,64.8621,11.2373,30.2,100,90,11.5
112,Namibe,AO,2021=01-27 18:28:35,-15.1961,12.1522,76.82,71,71,11.52
113,Dikson,RU,2021=01-27 18:28:36,73.5069,80.5464,-20.16,86,100,7.9
114,Kijang,KR,2021=01-27 18:28:36,35.2442,129.2139,37.4,65,0,2.3
115,Gandajika,CD,2021=01-27 18:28:36,-6.75,23.95,71.2,86,38,2.82
116,Kahului,US,2021=01-27 18:28:36,20.8947,-156.47,75.2,69,40,19.57
117,Gazimurskiy Zavod,RU,2021=01-27 18:28:36,51.5461,118.3266,-21.91,83,99,2.73
118,Hermanus,ZA,2021=01-27 18:28:37,-34.4187,19.2345,66.0,70,65,9.95
119,Severo-Kurilsk,RU,2021=01-27 18:28:37,50.6789,156.125,24.8,94,72,7.49
120,Hobart,AU,2021=01-27 18:28:37,-42.8794,147.3294,55.0,58,90,6.91
121,Port Elizabeth,ZA,2021=01-27 18:28:03,-33.918,25.5701,66.2,94,75,6.91
122,Katsuura,JP,2021=01-27 18:28:37,35.1333,140.3,45.0,65,0,10.36
123,Paamiut,GL,2021=01-27 18:28:37,61.994,-49.6678,26.28,85,48,7.29
124,Cherskiy,RU,2021=01-27 18:28:37,68.75,161.3,-23.96,85,100,3.56
125,Lahad Datu,MY,2021=01-27 18:28:38,5.0268,118.327,75.13,93,100,6.67
126,Touba,CI,2021=01-27 18:28:38,8.2833,-7.6833,89.91,14,0,3.69
127,Faanui,PF,2021=01-27 18:28:38,-16.4833,-151.75,80.82,73,66,15.73
128,Varangaon,IN,2021=01-27 18:28:38,21.0167,75.9,68.81,34,0,8.39
129,Matara,LK,2021=01-27 18:28:38,5.9485,80.5353,74.97,79,72,4.21
130,Boulder City,US,2021=01-27 18:28:39,35.9786,-114.8325,46.0,61,75,9.22
131,Kaitangata,NZ,2021=01-27 18:28:39,-46.2817,169.8464,52.0,67,48,15.01
132,Duluth,US,2021=01-27 18:28:39,46.7833,-92.1066,8.01,55,1,3.44
133,Liepaja,LV,2021=01-27 18:28:39,56.5419,21.0367,33.8,69,90,8.05
134,Vanimo,PG,2021=01-27 18:28:39,-2.6741,141.3028,77.0,87,100,6.44
135,Port-Cartier,CA,2021=01-27 18:26:55,50.0334,-66.8654,27.0,50,61,3.44
136,Abha,SA,2021=01-27 18:28:39,18.2164,42.5053,60.8,58,0,5.75
137,Vila Velha,BR,2021=01-27 18:28:40,-20.3297,-40.2925,88.0,51,20,16.11
138,Leningradskiy,RU,2021=01-27 18:28:40,69.3833,178.4167,-19.1,87,100,3.67
139,Besikduzu,TR,2021=01-27 18:28:40,41.052,39.2284,66.2,22,75,4.61
140,Saint-Philippe,RE,2021=01-27 18:28:40,-21.3585,55.7679,80.6,69,20,5.53
141,Guaratuba,BR,2021=01-27 18:28:40,-25.8828,-48.5747,91.4,70,75,3.44
142,Adrar,MR,2021=01-27 18:28:40,20.5022,-10.0711,78.42,15,0,10.07
143,Salalah,OM,2021=01-27 18:28:41,17.0151,54.0924,75.2,69,0,3.44
144,Cabedelo,BR,2021=01-27 18:28:41,-6.9811,-34.8339,86.0,62,40,14.97
145,Pisco,PE,2021=01-27 18:28:41,-13.7,-76.2167,75.2,64,0,8.05
146,Barrow,US,2021=01-27 18:28:41,71.2906,-156.7887,-13.0,84,90,4.61
147,Ancud,CL,2021=01-27 18:28:41,-41.8697,-73.8203,59.0,77,75,12.66
148,Sao Joao Da Barra,BR,2021=01-27 18:28:42,-21.6403,-41.0511,86.0,45,0,25.32
149,Cam Ranh,VN,2021=01-27 18:28:42,11.9214,109.1591,75.2,78,40,9.22
150,Atuona,PF,2021=01-27 18:28:42,-9.8,-139.0333,78.13,77,4,15.35
151,Sinnamary,GF,2021=01-27 18:28:42,5.3833,-52.95,80.98,70,57,12.82
152,Chokurdakh,RU,2021=01-27 18:28:42,70.6333,147.9167,-17.64,87,100,14.25
153,Balkanabat,TM,2021=01-27 18:28:43,39.5108,54.3671,45.66,51,0,13.02
154,Umm Kaddadah,SD,2021=01-27 18:28:43,13.6017,26.6876,78.39,16,67,10.42
155,Biak,ID,2021=01-27 18:28:43,-0.9131,122.8766,77.97,71,78,4.94
156,Tuatapere,NZ,2021=01-27 18:28:43,-46.1333,167.6833,48.99,88,72,13.0
157,Harsin,IR,2021=01-27 18:28:43,34.2721,47.5861,35.6,51,0,1.9
158,Hovd,MN,2021=01-27 18:28:43,48.0056,91.6419,1.56,80,99,0.74
159,Ajuchitlan,MX,2021=01-27 18:28:44,20.7167,-100.0167,73.78,28,36,10.8
160,Mubi,NG,2021=01-27 18:28:44,10.2676,13.2644,80.06,17,88,6.93
161,Flinders,AU,2021=01-27 18:28:44,-34.5833,150.8552,68.0,82,99,1.99
162,Dolgoderevenskoye,RU,2021=01-27 18:28:44,55.3444,61.3444,26.6,86,0,8.95
163,Tsogni,GA,2021=01-27 18:28:44,-2.7942,10.0988,77.7,87,95,3.27
164,Kokopo,PG,2021=01-27 18:28:44,-4.352,152.2633,79.29,83,90,5.37
165,Iquitos,PE,2021=01-27 18:28:45,-3.7481,-73.2472,86.0,70,75,4.61
166,Baoning,CN,2021=01-27 18:28:45,25.3378,110.026,48.2,87,90,4.47
167,Lompoc,US,2021=01-27 18:28:45,34.6391,-120.4579,50.0,87,90,16.11
168,Emirdag,TR,2021=01-27 18:28:45,39.0197,31.15,35.58,83,72,18.97
169,Geraldton,AU,2021=01-27 18:28:45,-28.7667,114.6,66.2,68,0,12.66
170,Mbini,GQ,2021=01-27 18:28:46,1.574,9.6134,84.2,79,20,5.75
171,Touros,BR,2021=01-27 18:28:46,-5.1989,-35.4608,86.0,58,20,18.41
172,San Patricio,US,2021=01-27 18:28:46,28.017,-97.5169,71.6,23,75,20.71
173,Borba,BR,2021=01-27 18:28:46,-4.3878,-59.5939,84.92,78,96,3.51
174,Nikolskoye,RU,2021=01-27 18:28:46,59.7035,30.7861,33.8,93,75,6.71
175,Jalu,LY,2021=01-27 18:28:46,29.0331,21.5482,55.09,51,9,11.34
176,Kendari,ID,2021=01-27 18:28:47,-3.945,122.4989,76.69,87,99,2.42
177,Bandarbeyla,SO,2021=01-27 18:28:47,9.4942,50.8122,74.23,72,50,18.72
178,Tevaitoa,PF,2021=01-27 18:28:47,-16.7833,-151.5,80.74,73,68,15.75
179,Dingle,PH,2021=01-27 18:28:47,10.9995,122.6711,75.24,89,100,8.05
180,Cockburn Town,TC,2021=01-27 18:28:47,21.4612,-71.1419,80.6,57,40,13.8
181,Yagodnoye,RU,2021=01-27 18:28:47,62.55,149.6667,-31.13,81,100,2.44
182,Avera,US,2021=01-27 18:28:48,33.194,-82.5271,57.2,78,90,8.05
183,Khatanga,RU,2021=01-27 18:28:48,71.9667,102.5,-28.97,80,1,8.05
184,Pasca,CO,2021=01-27 18:28:48,4.3072,-74.3006,69.8,40,40,9.22
185,Phan Thiet,VN,2021=01-27 18:28:48,10.9333,108.1,71.8,88,36,8.95
186,Maceio,BR,2021=01-27 18:28:48,-9.6658,-35.7353,78.8,78,75,16.11
187,Mount Gambier,AU,2021=01-27 18:28:48,-37.8333,140.7667,57.2,94,0,10.36
188,Murwara,IN,2021=01-27 18:28:49,23.85,80.4,52.21,43,0,6.96
189,Coquimbo,CL,2021=01-27 18:28:49,-29.9533,-71.3436,68.0,68,0,16.11
190,Chirilagua,SV,2021=01-27 18:28:49,13.2203,-88.1386,95.0,31,0,5.75
191,Severobaykalsk,RU,2021=01-27 18:28:49,55.65,109.3167,-21.05,80,13,3.13
192,Lithgow,AU,2021=01-27 18:28:49,-33.4833,150.15,54.0,43,98,5.99
193,Pacific Grove,US,2021=01-27 18:28:49,36.6177,-121.9166,53.01,87,75,3.44
194,Ngunguru,NZ,2021=01-27 18:28:50,-35.6167,174.5,63.0,93,26,1.99
195,Clyde River,CA,2021=01-27 18:28:50,70.4692,-68.5914,-7.6,77,40,2.3
196,Kudahuvadhoo,MV,2021=01-27 18:28:50,2.6708,72.8944,80.91,74,12,18.88
197,Deputatskiy,RU,2021=01-27 18:28:50,69.3,139.9,-26.75,87,96,1.99
198,Grand Gaube,MU,2021=01-27 18:28:51,-20.0064,57.6608,78.01,82,21,6.26
199,Timra,SE,2021=01-27 18:28:51,62.487,17.3257,19.4,86,90,11.5
200,Goderich,CA,2021=01-27 18:28:51,43.7501,-81.7165,23.0,80,100,12.66
201,Georgetown,MY,2021=01-27 18:28:03,5.4112,100.3354,79.0,94,40,4.61
202,Klaksvik,FO,2021=01-27 18:28:51,62.2266,-6.589,30.2,100,40,6.91
203,Moose Factory,CA,2021=01-27 18:28:51,51.2585,-80.6094,5.0,78,90,10.36
204,Coahuayana,MX,2021=01-27 18:28:52,18.7333,-103.6833,86.05,42,63,5.12
205,Xiuyan,CN,2021=01-27 18:28:52,40.2928,123.2744,24.21,97,100,6.06
206,Hilo,US,2021=01-27 18:28:52,19.7297,-155.09,69.8,83,90,4.61
207,Hay River,CA,2021=01-27 18:28:52,60.8156,-115.7999,-11.2,70,100,9.22
208,Hithadhoo,MV,2021=01-27 18:28:52,-0.6,73.0833,81.09,80,19,15.57
209,Bengkulu,ID,2021=01-27 18:28:53,-3.8004,102.2655,74.79,93,100,9.1
210,Inhambane,MZ,2021=01-27 18:28:53,-23.865,35.3833,84.2,79,20,9.22
211,Longyearbyen,SJ,2021=01-27 18:28:53,78.2186,15.6401,6.8,72,20,16.11
212,Muros,ES,2021=01-27 18:28:53,42.7762,-9.0603,59.0,91,100,5.99
213,Georgiyevka,KZ,2021=01-27 18:28:53,43.0369,74.7114,3.2,78,0,2.24
214,Sumy,UA,2021=01-27 18:28:54,50.9216,34.8003,32.92,97,100,8.61
215,Rio Verde De Mato Grosso,BR,2021=01-27 18:28:54,-18.9181,-54.8442,87.37,59,99,9.48
216,Neuquen,AR,2021=01-27 18:26:29,-38.9516,-68.0591,71.6,33,0,5.75
217,Pasni,PK,2021=01-27 18:28:54,25.2631,63.471,66.33,49,0,5.93
218,Tomatlan,MX,2021=01-27 18:28:55,19.9333,-105.25,85.77,36,33,4.5
219,Magbay,PH,2021=01-27 18:28:55,12.4101,121.0899,77.34,76,98,9.24
220,Port-Gentil,GA,2021=01-27 18:28:55,-0.7193,8.7815,78.8,83,20,2.3
221,San Carlos De Bariloche,AR,2021=01-27 18:28:55,-41.1456,-71.3082,59.0,44,40,32.21
222,Orotukan,RU,2021=01-27 18:28:55,62.2667,151.7,-37.03,79,100,1.5
223,Vaniyambadi,IN,2021=01-27 18:28:55,12.6833,78.6167,65.61,83,79,3.8
224,Talnakh,RU,2021=01-27 18:28:56,69.4865,88.3972,-21.08,85,100,4.18
225,Ponta Delgada,PT,2021=01-27 18:28:56,37.7333,-25.6667,64.99,94,40,14.97
226,Nome,US,2021=01-27 18:28:56,64.5011,-165.4064,5.0,78,1,9.22
227,Fairbanks,US,2021=01-27 18:24:34,64.8378,-147.7164,-5.01,69,40,2.28
228,Tabou,CI,2021=01-27 18:28:56,4.423,-7.3528,80.85,77,14,5.7
229,Lavrentiya,RU,2021=01-27 18:28:57,65.5833,-171.0,-2.87,88,86,14.0
230,Kutum,SD,2021=01-27 18:28:57,14.2,24.6667,70.9,21,85,10.29
231,Sao Gabriel Da Cachoeira,BR,2021=01-27 18:28:57,-0.1303,-67.0892,87.8,70,90,4.61
232,Harper,LR,2021=01-27 18:28:57,4.375,-7.7169,81.52,75,29,6.11
233,Rutana,BI,2021=01-27 18:28:57,-3.8667,30.1,58.57,99,46,2.13
234,Port Hueneme,US,2021=01-27 18:28:58,34.1478,-119.1951,55.4,76,90,6.91
235,Skibotn,NO,2021=01-27 18:28:58,69.3913,20.2679,26.6,58,75,8.05
236,Kargopol,RU,2021=01-27 18:28:58,61.5071,38.9456,29.95,98,100,8.46
237,Tomohon,ID,2021=01-27 18:28:58,1.3346,124.8392,73.4,94,20,2.3
238,Arlit,NE,2021=01-27 18:28:58,18.7369,7.3853,74.61,14,0,10.25
239,Santa Maria,BR,2021=01-27 18:28:59,-29.6842,-53.8069,78.8,78,75,12.66
240,Lasa,IT,2021=01-27 18:28:59,46.6166,10.7002,33.01,80,40,1.14
241,Husavik,IS,2021=01-27 18:28:59,66.0449,-17.3389,17.6,86,75,5.99
242,Egvekinot,RU,2021=01-27 18:28:59,66.3167,-179.1667,-14.04,87,100,19.62
243,Qaqortoq,GL,2021=01-27 18:28:59,60.7167,-46.0333,37.4,32,75,37.98
244,Bowen,AU,2021=01-27 18:29:00,-20.0167,148.2333,73.4,94,43,6.91
245,Whitehorse,CA,2021=01-27 18:29:00,60.7161,-135.0538,-18.0,76,1,4.61
246,General Roca,AR,2021=01-27 18:29:00,-39.0333,-67.5833,71.6,33,0,5.75
247,Manggar,ID,2021=01-27 18:29:00,-2.8833,108.2667,77.52,86,100,7.56
248,Dhidhdhoo,MV,2021=01-27 18:29:00,6.8833,73.1,81.36,68,89,13.8
249,Bereda,ES,2021=01-27 18:29:01,43.2686,-7.5406,59.0,91,100,7.0
250,Nekhayevskiy,RU,2021=01-27 18:29:01,50.4106,41.7561,34.0,91,100,11.99
251,Kirakira,SB,2021=01-27 18:29:01,-10.4544,161.9205,80.69,82,84,10.65
252,Santa Vitoria Do Palmar,BR,2021=01-27 18:26:49,-33.5189,-53.3681,73.85,77,100,4.27
253,Half Moon Bay,US,2021=01-27 18:29:01,37.4636,-122.4286,54.0,87,1,16.11
254,Vardo,NO,2021=01-27 18:29:02,70.3705,31.1107,24.8,80,75,26.46
255,Amazar,RU,2021=01-27 18:29:02,53.858,120.875,-23.26,79,99,4.9
256,Colares,PT,2021=01-27 18:29:02,38.7992,-9.4469,60.01,88,75,3.44
257,Marystown,CA,2021=01-27 18:29:02,47.1666,-55.1483,32.36,89,25,6.67
258,Dongsheng,CN,2021=01-27 18:27:18,39.8161,109.9776,7.95,59,0,21.56
259,Norman Wells,CA,2021=01-27 18:29:03,65.282,-126.8329,-32.8,68,40,3.44
260,Tiarei,PF,2021=01-27 18:29:03,-17.5333,-149.3333,80.6,69,75,3.44
261,Hambantota,LK,2021=01-27 18:29:03,6.1241,81.1185,73.4,88,40,8.05
262,Slave Lake,CA,2021=01-27 18:29:03,55.2834,-114.769,3.2,78,90,3.44
263,Cabo San Lucas,MX,2021=01-27 18:24:16,22.8909,-109.9124,72.0,40,100,11.01
264,Oxford,GB,2021=01-27 18:27:16,51.7522,-1.256,48.2,93,75,2.3
265,Hirara,JP,2021=01-27 18:29:04,24.8,125.2833,63.86,75,99,14.7
266,Polson,US,2021=01-27 18:29:04,47.6936,-114.1632,25.0,62,100,3.27
267,Yarkovo,RU,2021=01-27 18:29:04,57.4028,67.0786,15.55,97,96,5.48
268,Sheboygan,US,2021=01-27 18:27:26,43.7333,-87.9334,19.99,67,1,13.8
269,Urengoy,RU,2021=01-27 18:29:04,65.9667,78.3667,-41.19,80,17,6.4
270,Tyukalinsk,RU,2021=01-27 18:29:05,55.8732,72.1967,13.24,97,88,7.9
271,San Joaquin,US,2021=01-27 18:29:05,37.9333,-121.3011,50.0,76,20,20.71
272,Pedra Branca,BR,2021=01-27 18:29:05,-5.4542,-39.7172,88.16,43,65,7.83
273,Evensk,RU,2021=01-27 18:29:05,61.95,159.2333,-7.58,89,100,12.39
274,Tilichiki,RU,2021=01-27 18:29:05,60.4667,166.1,-7.76,92,100,11.56
275,Dejen,ET,2021=01-27 18:29:05,10.1667,38.1333,59.97,25,0,4.61
276,Dzerzhinsk,RU,2021=01-27 18:28:07,56.2389,43.4631,35.01,100,90,8.95
277,Guerrero Negro,MX,2021=01-27 18:29:06,27.9769,-114.0611,59.94,45,100,5.53
278,East London,ZA,2021=01-27 18:29:06,-33.0153,27.9116,68.0,88,75,5.75
279,Soskovo,RU,2021=01-27 18:29:06,52.7475,35.3828,26.94,98,100,3.49
280,Shaunavon,CA,2021=01-27 18:29:06,49.6501,-108.4181,8.6,78,100,12.66
281,Mitha Tiwana,PK,2021=01-27 18:29:06,32.2486,72.1108,51.91,39,0,1.63
282,Taonan,CN,2021=01-27 18:29:07,45.3333,122.7833,-0.27,75,79,9.66
283,Kualakapuas,ID,2021=01-27 18:29:07,-3.0091,114.3876,77.0,94,90,3.44
284,Itoman,JP,2021=01-27 18:29:07,26.1247,127.6694,64.4,68,40,16.11
285,Tuscaloosa,US,2021=01-27 18:29:07,33.2098,-87.5692,57.99,88,90,8.05
286,Havre,FR,2021=01-27 18:29:07,49.5833,0.3333,48.2,100,90,11.5
287,Necochea,AR,2021=01-27 18:29:07,-38.5473,-58.7368,73.47,35,1,11.54
288,Vostok,RU,2021=01-27 18:29:08,46.4856,135.8833,-11.99,90,100,4.7
289,Aljezur,PT,2021=01-27 18:29:08,37.3191,-8.8033,59.0,100,89,1.99
290,Elizabeth City,US,2021=01-27 18:27:43,36.2946,-76.2511,46.4,76,75,9.22
291,Kachiry,KZ,2021=01-27 18:29:08,53.0675,76.1036,25.61,98,99,11.83
292,Beira,MZ,2021=01-27 18:29:08,-19.8436,34.8389,82.4,78,20,9.22
293,Jalingo,NG,2021=01-27 18:29:08,8.8833,11.3667,86.61,14,29,4.41
294,Brae,GB,2021=01-27 18:29:09,60.3964,-1.353,33.8,86,20,9.22
295,Cayenne,GF,2021=01-27 18:29:09,4.9333,-52.3333,82.4,69,75,9.22
296,Kitgum,UG,2021=01-27 18:29:09,3.2783,32.8867,82.31,24,25,9.84
297,Tabas,IR,2021=01-27 18:29:09,33.5959,56.9244,42.8,26,0,6.91
298,Nabire,ID,2021=01-27 18:29:09,-3.3667,135.4833,76.75,92,100,4.07
299,Bacungan,PH,2021=01-27 18:29:09,9.9106,118.7022,78.8,83,90,9.22
300,Miri,MY,2021=01-27 18:29:10,4.4148,114.0089,77.0,100,40,1.14
301,Tangua,BR,2021=01-27 18:29:10,-22.7303,-42.7142,98.6,49,20,9.22
302,Constitucion,CL,2021=01-27 18:29:10,-35.3333,-72.4167,67.14,48,37,21.63
303,Venadillo,CO,2021=01-27 18:29:10,4.7193,-74.9292,90.46,46,77,4.36
304,Naze,JP,2021=01-27 18:29:10,28.3667,129.4833,57.0,72,42,11.12
305,Campbell River,CA,2021=01-27 18:25:57,50.0163,-125.2446,35.01,100,90,2.3
306,Awbari,LY,2021=01-27 18:29:11,26.5921,12.7805,51.51,41,0,6.78
307,Belaya Gora,RU,2021=01-27 18:29:11,68.5333,146.4167,-24.14,87,100,3.62
308,Ofunato,JP,2021=01-27 18:29:11,39.0717,141.7167,31.75,89,57,10.78
309,Oksfjord,NO,2021=01-27 18:29:11,70.2396,22.3479,21.2,73,75,13.8
310,Rovaniemi,FI,2021=01-27 18:25:22,66.5,25.7167,14.0,92,90,9.22
311,Lahij,YE,2021=01-27 18:29:11,13.1667,44.5833,70.23,68,2,7.0
312,Mantua,IT,2021=01-27 18:29:12,45.1667,10.7833,35.01,86,89,1.01
313,Hof,DE,2021=01-27 18:29:12,50.3167,11.9167,30.0,93,90,11.5
314,Fallon,US,2021=01-27 18:29:12,39.4735,-118.7774,37.99,60,75,27.63
315,Zhongshu,CN,2021=01-27 18:29:12,24.5167,103.7667,48.76,92,8,4.9
316,Havoysund,NO,2021=01-27 18:29:12,70.9963,24.6622,26.6,74,90,19.57
317,Houma,US,2021=01-27 18:29:13,29.5958,-90.7195,69.01,77,40,13.8
318,Gat,IL,2021=01-27 18:27:04,31.61,34.7642,59.0,65,58,4.47
319,Esmeraldas,BR,2021=01-27 18:29:13,-19.7625,-44.3139,89.6,33,75,5.75
320,Muncar,ID,2021=01-27 18:29:13,-8.4333,114.3333,74.43,92,98,7.63
321,Mar Del Plata,AR,2021=01-27 18:29:13,-38.0023,-57.5575,69.8,56,0,13.8
322,Saint-Prosper,CA,2021=01-27 18:29:13,46.2117,-70.4811,26.6,80,100,2.91
323,Kyzyl-Suu,KG,2021=01-27 18:29:13,42.3414,78.0056,20.46,65,0,7.72
324,Gamba,GA,2021=01-27 18:29:14,-2.65,10.0,77.65,87,96,2.37
325,Dunedin,NZ,2021=01-27 18:28:07,-45.8742,170.5036,57.0,60,18,5.99
326,Banda Aceh,ID,2021=01-27 18:29:14,5.5577,95.3222,78.15,81,91,3.56
327,Verkhoyansk,RU,2021=01-27 18:29:14,67.5447,133.385,-48.3,73,77,1.21
328,Valparaiso,CL,2021=01-27 18:29:01,-33.0393,-71.6273,77.0,44,0,6.91
329,Arkhangelsk,RU,2021=01-27 18:29:14,64.5401,40.5433,32.0,100,90,2.24
330,Shumikha,RU,2021=01-27 18:29:15,55.2261,63.2961,21.88,96,98,9.33
331,Thinadhoo,MV,2021=01-27 18:29:15,0.5333,72.9333,81.66,76,31,19.89
332,Wenatchee,US,2021=01-27 18:26:41,47.4235,-120.3103,35.01,100,90,5.75
333,La Ronge,CA,2021=01-27 18:29:15,55.1001,-105.2842,-4.0,71,74,8.05
334,Kahta,TR,2021=01-27 18:29:15,37.7855,38.6237,44.6,53,75,13.8
335,Nohar,IN,2021=01-27 18:29:15,29.1833,74.7667,55.02,34,0,5.48
336,Pecos,US,2021=01-27 18:29:15,31.4229,-103.4932,51.8,22,1,5.75
337,Impfondo,CG,2021=01-27 18:29:16,1.6381,18.0667,71.98,95,96,4.56
338,Novi Travnik,BA,2021=01-27 18:29:16,44.1711,17.6575,28.4,100,75,2.3
339,Pogranichnyy,RU,2021=01-27 18:29:16,44.4064,131.3769,-0.02,87,44,1.61
340,Dalvik,IS,2021=01-27 18:29:16,65.9702,-18.5286,17.6,86,75,6.44
341,Hasaki,JP,2021=01-27 18:29:16,35.7333,140.8333,37.4,75,75,10.36
342,Udachnyy,RU,2021=01-27 18:29:17,66.4167,112.4,-40.45,79,32,0.63
343,Nicoya,CR,2021=01-27 18:29:17,10.1483,-85.452,89.6,43,40,12.66
344,Den Helder,NL,2021=01-27 18:29:17,52.9599,4.7593,45.0,93,75,10.36
345,Grindavik,IS,2021=01-27 18:29:17,63.8424,-22.4338,32.0,55,0,24.16
346,Alofi,NU,2021=01-27 18:26:55,-19.0595,-169.9187,77.0,88,100,5.75
347,Kununurra,AU,2021=01-27 18:24:22,-15.7667,128.7333,78.8,100,90,10.36
348,Nyurba,RU,2021=01-27 18:29:17,63.2842,118.3319,-45.78,78,68,2.44
349,Umm Lajj,SA,2021=01-27 18:29:18,25.0213,37.2685,74.23,71,46,6.17
350,Roald,NO,2021=01-27 18:29:18,62.5833,6.1333,32.0,93,90,9.22
351,Pervomayskoye,RU,2021=01-27 18:29:18,43.919,46.7102,45.63,81,96,21.65
352,Cidreira,BR,2021=01-27 18:29:18,-30.1811,-50.2056,78.46,82,98,1.34
353,Koumra,TD,2021=01-27 18:29:18,8.9126,17.5539,85.86,16,10,4.0
354,Hobyo,SO,2021=01-27 18:29:19,5.3505,48.5268,76.71,75,68,19.91
355,Junction City,US,2021=01-27 18:29:19,39.0286,-96.8314,24.8,68,20,5.75
356,Salym,RU,2021=01-27 18:29:19,60.0625,71.4789,-8.43,91,100,5.08
357,Chanute,US,2021=01-27 18:29:19,37.6792,-95.4572,32.0,69,90,8.05
358,Taoudenni,ML,2021=01-27 18:29:19,22.6783,-3.9836,77.41,18,0,11.25
359,Kalabo,ZM,2021=01-27 18:29:20,-14.97,22.6814,66.02,94,100,6.51
360,Konanur,IN,2021=01-27 18:29:20,12.6264,76.0542,64.92,51,98,2.93
361,Sabzevar,IR,2021=01-27 18:29:20,36.2126,57.6819,38.77,60,0,0.72
362,Nisia Floresta,BR,2021=01-27 18:29:20,-6.0911,-35.2086,87.8,51,20,17.27
363,Brigantine,US,2021=01-27 18:29:20,39.4101,-74.3646,39.2,60,90,12.66
364,Kandrian,PG,2021=01-27 18:29:20,-6.2167,149.55,79.27,84,93,9.37
365,Lichinga,MZ,2021=01-27 18:29:20,-13.3128,35.2406,68.0,88,75,2.3
366,Sobolevo,RU,2021=01-27 18:29:21,54.4299,31.8996,28.53,98,100,8.46
367,Ambilobe,MG,2021=01-27 18:29:21,-13.2,49.05,76.5,89,100,0.87
368,Surt,LY,2021=01-27 18:29:21,31.2089,16.5887,57.94,58,49,9.82
369,Kenai,US,2021=01-27 18:29:21,60.5544,-151.2583,8.01,85,1,5.91
370,Ketchikan,US,2021=01-27 18:24:57,55.3422,-131.6461,26.6,86,20,10.36
371,Chuguyevka,RU,2021=01-27 18:29:22,44.1653,133.8633,-4.92,85,4,2.8
372,Alta Floresta,BR,2021=01-27 18:29:22,-9.8756,-56.0861,87.8,62,40,3.44
373,Majene,ID,2021=01-27 18:29:22,-3.5403,118.9707,79.45,77,95,11.54
374,Nador,MA,2021=01-27 18:29:22,35.174,-2.9287,64.4,77,0,6.91
375,Turukhansk,RU,2021=01-27 18:29:23,65.8167,87.9833,-28.12,82,100,6.64
376,Souillac,MU,2021=01-27 18:29:23,-20.5167,57.5167,77.0,83,20,6.91
377,Pestretsy,RU,2021=01-27 18:29:23,55.7531,49.6545,19.4,86,75,17.9
378,Wanaka,NZ,2021=01-27 18:29:23,-44.7,169.15,53.01,62,11,1.99
379,Shimoda,JP,2021=01-27 18:29:23,34.6667,138.95,41.0,72,79,1.99
380,Loei,TH,2021=01-27 18:29:24,17.4167,101.5,75.99,99,31,1.61
381,Margate,GB,2021=01-27 18:29:24,51.3813,1.3862,48.0,84,100,6.53
382,Kuty,UA,2021=01-27 18:29:24,48.2587,25.1795,27.55,94,100,4.65
383,Nishihara,JP,2021=01-27 18:29:24,26.1842,127.7558,64.4,68,40,16.11
384,Belen,TR,2021=01-27 18:29:24,36.4891,36.2233,50.0,57,75,9.22
385,Padang,ID,2021=01-27 18:29:25,-0.9492,100.3543,73.4,94,75,1.14
386,Ostrovnoy,RU,2021=01-27 18:29:25,68.0531,39.5131,9.79,94,100,20.54
387,Marzuq,YE,2021=01-27 18:29:25,14.4,46.4667,60.49,57,0,1.92
388,Purpe,RU,2021=01-27 18:29:25,64.4803,76.6897,-40.95,80,19,9.26
389,Uwajima,JP,2021=01-27 18:29:25,33.2238,132.56,43.16,72,0,4.23
390,Manokwari,ID,2021=01-27 18:25:25,-0.8667,134.0833,77.31,80,100,8.93
391,Mandla,IN,2021=01-27 18:29:26,22.6,80.3833,59.27,50,0,3.91
392,Tual,ID,2021=01-27 18:29:26,-5.6667,132.75,83.71,78,100,23.29
393,Makakilo City,US,2021=01-27 18:29:26,21.3469,-158.0858,73.4,73,1,5.75
394,Puno,PE,2021=01-27 18:29:27,-15.8333,-70.0333,60.8,39,40,4.61
395,Kostino,RU,2021=01-27 18:29:27,58.9097,53.2691,28.51,97,100,12.17
396,Benguela,AO,2021=01-27 18:27:05,-12.5763,13.4055,78.62,72,66,7.99
397,Vung Tau,VN,2021=01-27 18:29:27,10.346,107.0843,76.23,83,97,19.82
398,Acarau,BR,2021=01-27 18:29:27,-2.8856,-40.12,86.68,60,30,16.73
399,Chapais,CA,2021=01-27 18:29:28,49.7834,-74.8492,21.2,79,90,9.22
400,Saint-Pierre,RE,2021=01-27 18:29:28,-21.3393,55.4781,80.6,69,20,6.02
401,Sept-Iles,CA,2021=01-27 18:29:28,50.2001,-66.3821,27.0,50,63,3.44
402,Dakar,SN,2021=01-27 18:29:28,14.6937,-17.4441,75.2,46,0,9.22
403,Petropavlovsk-Kamchatskiy,RU,2021=01-27 18:29:28,53.0452,158.6483,8.6,66,0,11.18
404,Bauru,BR,2021=01-27 18:26:49,-22.3147,-49.0606,91.4,46,40,3.44
405,Gigmoto,PH,2021=01-27 18:29:29,13.7796,124.39,77.94,84,91,12.55
406,Antofagasta,CL,2021=01-27 18:26:27,-23.65,-70.4,72.0,64,20,17.27
407,Aykhal,RU,2021=01-27 18:29:29,66.0,111.5,-35.84,74,26,1.99
408,Pringsewu,ID,2021=01-27 18:29:29,-5.3582,104.9744,73.33,92,100,1.97
409,Capaci,IT,2021=01-27 18:29:29,38.1711,13.2393,51.8,71,75,6.91
410,Zhezkazgan,KZ,2021=01-27 18:29:30,47.8043,67.7144,11.7,96,11,6.69
411,Olafsvik,IS,2021=01-27 18:29:30,64.8945,-23.7142,30.47,88,100,17.29
412,Nuuk,GL,2021=01-27 18:29:30,64.1835,-51.7216,19.4,68,1,16.11
413,Shar,KZ,2021=01-27 18:29:30,49.5886,81.0453,9.32,93,100,13.22
414,Gao,ML,2021=01-27 18:29:30,16.6362,1.637,75.74,13,0,9.4
415,Fort Beaufort,ZA,2021=01-27 18:29:31,-32.7748,26.6338,62.89,86,100,2.98
416,Charters Towers,AU,2021=01-27 18:29:31,-20.1,146.2667,71.47,96,80,6.33
417,Socorro,US,2021=01-27 18:29:31,31.6546,-106.3033,43.0,42,20,6.91
418,Hamilton,US,2021=01-27 18:27:29,39.1834,-84.5333,33.8,69,90,6.91
419,Haines Junction,CA,2021=01-27 18:29:31,60.7522,-137.5108,-29.2,68,53,1.14
420,Yamada,JP,2021=01-27 18:29:31,39.4667,141.95,30.6,90,64,6.49
421,Oktyabrskiy,RU,2021=01-27 18:29:32,54.4815,53.471,19.2,95,100,10.6
422,Kostomuksha,RU,2021=01-27 18:29:32,64.571,30.5767,17.51,97,100,8.48
423,Marawi,PH,2021=01-27 18:29:32,7.9986,124.2928,72.0,91,100,5.01
424,Raudeberg,NO,2021=01-27 18:29:32,61.9875,5.1352,28.99,89,65,10.8
425,Jiayuguan,CN,2021=01-27 18:29:32,39.8167,98.3,18.64,73,0,1.63
426,Soyo,AO,2021=01-27 18:29:32,-6.1349,12.3689,79.9,81,91,2.84
427,At-Bashi,KG,2021=01-27 18:29:33,41.1702,75.8106,5.47,65,0,2.66
428,Sur,OM,2021=01-27 18:29:33,22.5667,59.5289,68.0,72,0,10.74
429,Yumen,CN,2021=01-27 18:29:33,40.2833,97.2,20.12,73,1,2.37
430,Babu,CN,2021=01-27 18:29:33,24.4167,111.5167,55.81,53,100,9.37
431,Oliveira Do Hospital,PT,2021=01-27 18:29:33,40.3618,-7.8601,57.0,91,100,0.94
432,Tombouctou,ML,2021=01-27 18:29:34,20.0,-3.0,76.87,16,0,9.31
433,Elliot Lake,CA,2021=01-27 18:29:34,46.3834,-82.6331,15.8,67,1,6.91
434,Luanda,AO,2021=01-27 18:29:34,-8.8368,13.2343,80.6,78,20,9.22
435,Severodvinsk,RU,2021=01-27 18:29:34,64.5635,39.8302,32.0,100,90,2.24
436,Kinshasa,CD,2021=01-27 18:29:34,-4.3246,15.3215,77.0,83,100,8.05
437,Sao Filipe,CV,2021=01-27 18:29:34,14.8961,-24.4956,76.93,63,0,5.59
438,Acapulco,MX,2021=01-27 18:29:35,16.8634,-99.8901,85.35,48,7,7.76
439,Anshun,CN,2021=01-27 18:29:35,26.25,105.9333,40.19,71,99,14.03
440,Borgo San Dalmazzo,IT,2021=01-27 18:29:35,44.333,7.4858,33.8,69,33,1.14
441,Staryy Nadym,RU,2021=01-27 18:29:35,65.6118,72.6842,-39.5,80,16,5.23
442,San Cristobal,VE,2021=01-27 18:25:43,7.7669,-72.225,87.8,51,40,12.66
443,Brake,DE,2021=01-27 18:29:35,53.3333,8.4833,36.0,93,100,5.01
444,Praia,CV,2021=01-27 18:26:18,14.9215,-23.5087,80.6,41,0,16.11
445,Fuerte Olimpo,PY,2021=01-27 18:29:36,-21.0415,-57.8738,81.03,76,100,7.56
446,Yantzaza,EC,2021=01-27 18:29:36,-3.8278,-78.7594,78.55,74,85,2.48
447,Bushehr,IR,2021=01-27 18:29:36,28.9684,50.8385,60.8,67,0,6.42
448,Golyshmanovo,RU,2021=01-27 18:29:36,56.3979,68.3728,20.7,98,97,7.7
449,Cody,US,2021=01-27 18:27:13,44.5263,-109.0565,37.4,25,1,8.05
450,Okato,NZ,2021=01-27 18:29:37,-39.2,173.8833,61.0,94,39,5.01
451,Port Hedland,AU,2021=01-27 18:29:37,-20.3167,118.5667,80.6,74,6,8.05
452,Karpathos,GR,2021=01-27 18:29:37,35.507,27.2132,51.8,62,40,29.93
453,Xuanhua,CN,2021=01-27 18:29:37,40.6103,115.0447,12.9,69,34,25.97
454,Nouadhibou,MR,2021=01-27 18:29:37,20.931,-17.0347,71.6,68,0,12.66
455,Portland,US,2021=01-27 18:28:02,45.5234,-122.6762,41.0,87,75,4.61
456,Sao Jose Da Coroa Grande,BR,2021=01-27 18:29:38,-8.8978,-35.1478,81.37,74,91,11.05
457,Buraydah,SA,2021=01-27 18:29:38,26.326,43.975,64.4,48,0,12.66
458,Santa Fe,AR,2021=01-27 18:29:38,-31.6333,-60.7,96.01,41,10,3.0
459,Taltal,CL,2021=01-27 18:29:38,-25.4,-70.4833,72.86,56,16,8.5
460,Bonavista,CA,2021=01-27 18:29:38,48.6499,-53.1147,28.99,93,81,3.44
461,Forestville,US,2021=01-27 18:29:39,38.8451,-76.875,43.0,48,90,3.44
462,Young,UY,2021=01-27 18:29:39,-32.6833,-57.6333,91.99,44,3,3.0
463,Xam Nua,LA,2021=01-27 18:29:40,20.4197,104.0439,56.05,94,15,2.08
464,Komsomolskiy,UZ,2021=01-27 18:29:41,40.4272,71.7189,30.2,69,0,2.3
465,Tukrah,LY,2021=01-27 18:29:41,32.5341,20.5791,54.54,61,37,16.91
466,Hofn,IS,2021=01-27 18:29:41,64.2539,-15.2082,26.6,59,0,12.66
467,Kokuy,RU,2021=01-27 18:29:42,52.2037,117.5529,-19.37,81,99,3.15
468,Dryden,CA,2021=01-27 18:27:55,49.7833,-92.7503,-7.6,71,1,4.61
469,Nanortalik,GL,2021=01-27 18:29:42,60.1432,-45.2371,24.69,90,100,6.02
470,Trincomalee,LK,2021=01-27 18:29:42,8.5711,81.2335,78.57,71,99,14.23
471,Broken Hill,AU,2021=01-27 18:29:43,-31.95,141.4333,69.8,52,71,5.75
472,Singapore,SG,2021=01-27 18:28:01,1.2897,103.8501,78.8,83,75,4.61
473,Charlestown,AU,2021=01-27 18:29:43,-32.95,151.6667,70.0,98,100,1.99
474,Ahipara,NZ,2021=01-27 18:29:44,-35.1667,173.1667,62.58,91,53,1.79
475,Labuan,MY,2021=01-27 18:29:44,5.2767,115.2417,80.6,83,20,6.91
476,Palmer,US,2021=01-27 18:29:44,42.1584,-72.3287,35.01,87,90,5.01
477,Stevens Point,US,2021=01-27 18:29:44,44.5236,-89.5746,18.0,62,75,8.05
478,Tamiahua,MX,2021=01-27 18:29:45,21.2667,-97.45,72.91,86,96,22.95
479,Todos Santos,MX,2021=01-27 18:29:45,23.45,-110.2167,68.0,57,97,3.0
480,Shenjiamen,CN,2021=01-27 18:29:45,29.9576,122.298,45.16,84,100,10.16
481,Tezu,IN,2021=01-27 18:29:45,27.9167,96.1667,59.34,31,0,4.68
482,Aburi,GH,2021=01-27 18:29:45,5.8472,-0.1775,84.2,74,100,14.97
483,Kurayoshi,JP,2021=01-27 18:29:46,35.4333,133.8167,46.4,66,75,9.22
484,Beringovskiy,RU,2021=01-27 18:29:46,63.05,179.3167,17.11,97,100,28.41
485,La Macarena,CO,2021=01-27 18:29:46,2.1837,-73.7849,90.16,43,88,8.28
486,Omboue,GA,2021=01-27 18:29:46,-1.5746,9.2618,76.42,89,90,8.59
487,Linkoping,SE,2021=01-27 18:29:46,58.4109,15.6216,25.0,93,90,2.3
488,Burnie,AU,2021=01-27 18:29:46,-41.0667,145.9167,52.0,69,99,8.99
489,Kilindoni,TZ,2021=01-27 18:29:47,-7.9139,39.6668,81.86,76,0,13.27
490,Hohhot,CN,2021=01-27 18:29:47,40.8106,111.6522,6.8,56,40,8.95
491,Eydhafushi,MV,2021=01-27 18:29:47,5.1033,73.0708,80.4,68,77,12.95
492,Chicama,PE,2021=01-27 18:29:47,-7.8447,-79.1469,71.6,78,20,10.36
493,Agirish,RU,2021=01-27 18:29:47,61.9247,63.0231,0.99,94,100,6.91
494,Santa Juliana,PH,2021=01-27 18:29:48,15.3283,120.4286,77.0,78,75,2.3
495,Amursk,RU,2021=01-27 18:29:48,50.2261,136.8994,-7.35,90,100,1.9
496,Snyder,US,2021=01-27 18:29:48,32.7179,-100.9176,42.8,49,1,12.66
497,Susehri,TR,2021=01-27 18:29:48,40.1644,38.0867,35.67,76,100,7.58
498,Tautira,PF,2021=01-27 18:29:48,-17.7333,-149.15,80.6,69,75,3.44
499,Kidal,ML,2021=01-27 18:29:48,18.4411,1.4078,75.54,15,0,10.49
500,Riyadh,SA,2021=01-27 18:25:09,24.6877,46.7219,69.8,28,0,10.36
501,Kieta,PG,2021=01-27 18:29:49,-6.2167,155.6333,80.53,81,84,7.25
502,Alyangula,AU,2021=01-27 18:29:49,-13.8483,136.4192,82.4,83,90,8.05
503,Batticaloa,LK,2021=01-27 18:29:49,7.7102,81.6924,76.98,74,100,10.71
504,Anadyr,RU,2021=01-27 18:29:49,64.75,177.4833,10.4,85,75,44.74
505,Faya,SA,2021=01-27 18:29:50,18.3851,42.4509,60.8,58,0,5.75
506,Pouembout,NC,2021=01-27 18:29:50,-21.1333,164.9,74.71,84,98,3.06
507,Aklavik,CA,2021=01-27 18:29:50,68.2191,-135.0107,-13.0,77,100,4.61
508,Gravdal,NO,2021=01-27 18:29:50,68.1214,13.5031,26.6,74,20,6.91
509,Am Timan,TD,2021=01-27 18:29:50,11.0297,20.2827,83.93,15,19,5.28
510,Ucluelet,CA,2021=01-27 18:26:50,48.9329,-125.5528,37.99,87,90,4.61
511,Prince Rupert,CA,2021=01-27 18:28:30,54.3161,-130.3201,33.8,80,1,6.91
512,Kavieng,PG,2021=01-27 18:29:51,-2.5744,150.7967,83.1,74,70,10.29
513,Crestview,US,2021=01-27 18:29:51,30.7621,-86.5705,69.8,78,90,5.75
514,Pyapon,MM,2021=01-27 18:29:51,16.2833,95.6833,72.48,66,0,7.92
515,Namatanai,PG,2021=01-27 18:29:51,-3.6667,152.4333,80.64,82,69,8.81
516,The Valley,AI,2021=01-27 18:27:21,18.217,-63.0578,84.2,65,20,14.97
517,Mana,GF,2021=01-27 18:29:52,5.6592,-53.7767,81.3,70,56,12.12
518,Aitape,PG,2021=01-27 18:29:52,-3.1374,142.3475,77.94,84,100,7.85
519,Ilo,PE,2021=01-27 18:29:53,-17.6394,-71.3375,75.2,69,0,13.8
520,Nayagarh,IN,2021=01-27 18:29:53,20.1333,85.1,63.75,97,3,1.12
521,Nizhniy Kuranakh,RU,2021=01-27 18:29:53,58.8353,125.4869,-36.87,79,100,2.33
522,Arona,ES,2021=01-27 18:29:53,28.0996,-16.681,73.99,73,0,3.44
523,Mount Isa,AU,2021=01-27 18:29:53,-20.7333,139.5,82.4,61,40,18.41
524,Basco,PH,2021=01-27 18:29:54,20.4487,121.9702,73.08,79,30,19.82
525,Ust-Tsilma,RU,2021=01-27 18:29:54,65.441,52.1498,1.78,93,100,6.44
526,Bambanglipuro,ID,2021=01-27 18:29:54,-7.95,110.2833,75.9,91,100,7.85
527,Byron Bay,AU,2021=01-27 18:29:54,-28.65,153.6167,75.2,83,75,5.75
528,Hami,CN,2021=01-27 18:29:54,42.8,93.45,20.07,82,67,1.99
529,Kuminskiy,RU,2021=01-27 18:29:55,58.6667,66.5667,20.37,97,100,6.4
530,Kavaratti,IN,2021=01-27 18:29:55,10.5669,72.642,80.8,66,8,7.61
531,Eden,US,2021=01-27 18:29:55,36.4885,-79.7667,54.0,50,1,5.75
532,Buala,SB,2021=01-27 18:29:55,-8.145,159.5921,80.69,81,76,10.6
533,Hasanabad,IR,2021=01-27 18:29:56,36.5465,61.0543,35.6,69,0,2.3
534,Parintins,BR,2021=01-27 18:29:56,-2.6283,-56.7358,85.75,72,100,3.02
535,Batagay,RU,2021=01-27 18:29:56,67.6333,134.6333,-49.04,74,65,0.29
536,Couvin,BE,2021=01-27 18:29:56,50.0528,4.495,39.99,98,100,5.23
537,Oistins,BB,2021=01-27 18:29:56,13.0667,-59.5333,82.4,65,40,19.57
538,Anchorage,US,2021=01-27 18:29:00,61.2181,-149.9003,9.0,78,40,3.27
539,Srednekolymsk,RU,2021=01-27 18:29:57,67.45,153.6833,-25.62,86,100,9.8
540,Makarov,RU,2021=01-27 18:29:57,48.6333,142.8,7.86,88,98,15.35
541,Nanpiao,CN,2021=01-27 18:29:57,41.0982,120.7479,19.51,84,100,19.53
542,Codrington,AU,2021=01-27 18:29:57,-38.2667,141.9667,61.7,75,25,13.13
543,Shingu,JP,2021=01-27 18:29:57,33.7333,135.9833,45.93,57,17,6.31
544,Malindi,KE,2021=01-27 18:29:39,-3.2175,40.1191,80.6,78,40,13.8
545,Malanje,AO,2021=01-27 18:29:58,-9.5402,16.341,67.24,88,87,3.44
546,Lewistown,US,2021=01-27 18:29:58,40.5992,-77.5714,36.0,64,90,9.22
547,Kyabe,TD,2021=01-27 18:29:58,9.4515,18.9449,85.75,14,71,4.41
548,Belmonte,BR,2021=01-27 18:29:58,-15.8631,-38.8828,82.4,61,40,9.22
549,Camopi,GF,2021=01-27 18:29:59,3.1655,-52.3158,76.93,95,100,3.22
550,Samarai,PG,2021=01-27 18:29:59,-10.6167,150.6667,80.6,83,100,12.57
551,Sioux Lookout,CA,2021=01-27 18:29:59,50.1001,-91.917,-7.6,71,20,5.75
552,Muisne,EC,2021=01-27 18:29:59,0.6,-80.0333,80.6,89,40,9.22
553,Saint George,US,2021=01-27 18:29:59,37.1041,-113.5841,39.99,60,90,16.11
554,Luena,AO,2021=01-27 18:29:59,-11.7833,19.9167,66.67,88,60,3.09
555,Rena,NO,2021=01-27 18:30:00,61.1348,11.3641,14.86,91,97,4.76
556,Lorengau,PG,2021=01-27 18:30:00,-2.0226,147.2712,81.93,79,100,7.34
557,Marfino,RU,2021=01-27 18:30:00,55.7028,37.3822,33.8,74,75,6.71
558,Sahuaripa,MX,2021=01-27 18:30:00,29.05,-109.2333,57.87,36,64,5.21
559,Orgtrud,RU,2021=01-27 18:30:01,56.1832,40.6149,27.5,97,100,4.32
560,San Quintin,MX,2021=01-27 18:30:01,30.4833,-115.95,57.51,44,19,3.69
561,Caborca,MX,2021=01-27 18:30:01,30.5838,-111.101,48.99,79,11,6.4
562,De-Kastri,RU,2021=01-27 18:30:02,51.4667,140.7833,-2.78,89,100,15.46
563,Yar-Sale,RU,2021=01-27 18:30:03,66.8333,70.8333,-38.99,80,43,4.36
564,Deniliquin,AU,2021=01-27 18:30:03,-35.5333,144.9667,69.01,61,100,13.22
565,Fukue,JP,2021=01-27 18:30:04,32.6881,128.8419,52.0,71,74,15.19
566,Gamboula,CF,2021=01-27 18:30:04,4.1178,15.1393,80.98,42,93,3.36
